model,objective,train_rmse,test_rmse,train_mae,test_mae,train_loss_scaled,n_features,lambda,degree
degree 1,ridge,4.639091966965579,5.036058896382755,3.669736493168337,4.069833328412471,0.24960507608316038,9,0.001,1
degree 2,ridge,4.38158161294092,4.950358678115356,3.4558220684310235,3.955633582728028,0.22266361699421242,45,0.001,2
degree 3,ridge,4.218127510346524,5.6297332327182446,3.323774624171492,4.4286548787318365,0.2063606354775471,165,0.001,3
degree 4,ridge,3.7503568042238737,12.589905012127835,2.954267613572682,9.656513512621077,0.1631295448818497,495,0.001,4
degree 5,ridge,3.03430536498821,27.941548239649308,2.301586940399588,20.79910565737785,0.1067839591019193,1287,0.001,5
